-- phpMyAdmin SQL Dump
-- version 4.8.3
-- https://www.phpmyadmin.net/
--
-- Host: 127.0.0.1
-- Generation Time: May 23, 2019 at 04:52 AM
-- Server version: 10.1.36-MariaDB
-- PHP Version: 7.2.10

SET SQL_MODE = "NO_AUTO_VALUE_ON_ZERO";
SET AUTOCOMMIT = 0;
START TRANSACTION;
SET time_zone = "+00:00";


/*!40101 SET @OLD_CHARACTER_SET_CLIENT=@@CHARACTER_SET_CLIENT */;
/*!40101 SET @OLD_CHARACTER_SET_RESULTS=@@CHARACTER_SET_RESULTS */;
/*!40101 SET @OLD_COLLATION_CONNECTION=@@COLLATION_CONNECTION */;
/*!40101 SET NAMES utf8mb4 */;

--
-- Database: `leiter-crm`
--

-- --------------------------------------------------------

--
-- Table structure for table `contact_person`
--

CREATE TABLE `contact_person` (
  `id_cp` int(11) NOT NULL,
  `nama_cp` varchar(100) NOT NULL,
  `jk_cp` varchar(2) NOT NULL,
  `email_cp` varchar(100) NOT NULL,
  `nohp_cp` varchar(15) NOT NULL,
  `jabatan_cp` varchar(100) NOT NULL,
  `status_cp` int(11) NOT NULL DEFAULT '0',
  `id_perusahaan` int(11) NOT NULL,
  `id_user_add` int(11) NOT NULL,
  `date_cp_add` datetime NOT NULL DEFAULT CURRENT_TIMESTAMP,
  `id_user_edit` int(11) NOT NULL DEFAULT '0',
  `date_cp_edit` datetime NOT NULL DEFAULT '0000-00-00 00:00:00',
  `id_user_delete` int(11) NOT NULL DEFAULT '0',
  `date_cp_delete` datetime NOT NULL DEFAULT '0000-00-00 00:00:00'
) ENGINE=InnoDB DEFAULT CHARSET=latin1;

--
-- Dumping data for table `contact_person`
--

INSERT INTO `contact_person` (`id_cp`, `nama_cp`, `jk_cp`, `email_cp`, `nohp_cp`, `jabatan_cp`, `status_cp`, `id_perusahaan`, `id_user_add`, `date_cp_add`, `id_user_edit`, `date_cp_edit`, `id_user_delete`, `date_cp_delete`) VALUES
(1, 'joshua natan', 'Mr', 'joshuanatan.jn@gmail.com', '089616961915', 'CEO', 1, 1, 11, '2019-05-13 23:07:56', 0, '0000-00-00 00:00:00', 11, '0000-00-00 00:00:00'),
(2, 'jeen', 'Mr', 'jeen@example.com', '12341324', 'MARKETING', 1, 3, 11, '2019-05-13 23:23:27', 0, '0000-00-00 00:00:00', 11, '0000-00-00 00:00:00'),
(3, 'jeen', 'Mr', 'jeen@gmail.com', '0897324344324', 'Sales', 0, 4, 11, '2019-05-14 08:32:20', 0, '0000-00-00 00:00:00', 0, '0000-00-00 00:00:00'),
(6, 'awefawef', 'Mr', 'awefa@gmail.com', '23434', 'aefwwef', 0, 7, 11, '2019-05-14 15:59:46', 0, '0000-00-00 00:00:00', 0, '0000-00-00 00:00:00'),
(7, 'test4', 'Mr', 'test5@gmail.com', '12341234', 'ceo', 0, 8, 11, '2019-05-14 16:12:58', 0, '0000-00-00 00:00:00', 0, '0000-00-00 00:00:00'),
(8, 'Stevan', 'Mr', 'stevan@gmail.com', '12345678', 'CEO', 0, 9, 11, '2019-05-18 22:04:33', 0, '0000-00-00 00:00:00', 0, '0000-00-00 00:00:00'),
(9, 'BADFKJEWO', 'Ms', 'aewfafe@gmail.com', '4123414', 'CEO', 0, 10, 11, '2019-05-19 14:16:35', 0, '0000-00-00 00:00:00', 0, '0000-00-00 00:00:00'),
(10, 'davin nathan wijaya', 'Ms', 'davin@gmail.com', '039843920111', 'Marketing', 0, 1, 11, '2019-05-22 21:11:23', 11, '0000-00-00 00:00:00', 0, '0000-00-00 00:00:00'),
(11, 'stevan nathan', 'Mr', 'stevannathan@yahoo.com', '0989389', 'CEO', 0, 1, 11, '2019-05-22 23:29:50', 11, '0000-00-00 00:00:00', 0, '0000-00-00 00:00:00'),
(12, 'Dokter sana', 'Mr', 'doktersana@siloam.com', '12344321', 'CEO', 0, 11, 11, '2019-05-22 23:33:59', 0, '0000-00-00 00:00:00', 0, '0000-00-00 00:00:00'),
(13, 'test1222', 'Mr', 'aekljf@gmail.com', '1344322', 'CEO', 1, 3, 11, '2019-05-23 01:10:02', 11, '0000-00-00 00:00:00', 11, '0000-00-00 00:00:00'),
(14, 'eseeneee', 'Mr', 'eseen@famlili.com', '111111', 'MARKETING', 0, 3, 11, '2019-05-23 01:11:41', 11, '0000-00-00 00:00:00', 0, '0000-00-00 00:00:00'),
(15, 'Kaka', 'Mr', 'kaka@gmail.com', '123123', 'CEO', 1, 3, 11, '2019-05-23 01:18:09', 0, '0000-00-00 00:00:00', 11, '0000-00-00 00:00:00'),
(16, 'buang ini', 'Mr', 'buangini@gmail.com', '112341324', 'awef', 0, 3, 11, '2019-05-23 01:18:25', 0, '0000-00-00 00:00:00', 0, '0000-00-00 00:00:00'),
(17, 'orang ketiga', 'Ms', 'orangketiga@gmail.com', '123321', 'CEO', 0, 4, 11, '2019-05-23 01:18:54', 0, '0000-00-00 00:00:00', 0, '0000-00-00 00:00:00'),
(18, 'a', 'Ms', 'a@gmail.com', '324', 'CEO', 0, 12, 11, '2019-05-23 01:19:18', 0, '0000-00-00 00:00:00', 0, '0000-00-00 00:00:00'),
(19, 'aefawefaef', 'Mr', 'aefaewf@gmail.com', '342342', 'CEO', 0, 13, 11, '2019-05-23 01:40:19', 0, '0000-00-00 00:00:00', 0, '0000-00-00 00:00:00'),
(20, 'contactpersongaruda44444', 'Mr', 'aef444444@garuda.com', '132412344444444', 'ceo44444', 1, 9, 11, '2019-05-23 02:08:02', 11, '0000-00-00 00:00:00', 11, '0000-00-00 00:00:00'),
(21, 'Contactpersongaruda2', 'Mr', 'awef@garuda.co.id', '324234', 'awefwaef', 1, 9, 11, '2019-05-23 02:09:22', 0, '0000-00-00 00:00:00', 11, '0000-00-00 00:00:00'),
(22, 'ini yang test test itu', 'Mr', 'test@test.test', '1234', 'CEO', 0, 8, 11, '2019-05-23 02:10:09', 0, '0000-00-00 00:00:00', 0, '0000-00-00 00:00:00');

-- --------------------------------------------------------

--
-- Table structure for table `harga_vendor`
--

CREATE TABLE `harga_vendor` (
  `id_harga_vendor` int(11) NOT NULL,
  `id_request_item` int(11) NOT NULL,
  `id_cp` int(11) NOT NULL COMMENT 'merujuk pada vendor mana yang ditanya terkait barang tersebut',
  `harga_produk` int(11) NOT NULL,
  `satuan_harga_produk` int(11) NOT NULL,
  `vendor_price_rate` int(11) NOT NULL DEFAULT '1',
  `status_harga_vendor` int(11) NOT NULL DEFAULT '0',
  `id_user_add` int(11) NOT NULL,
  `date_harga_vendor_add` datetime NOT NULL DEFAULT CURRENT_TIMESTAMP,
  `id_user_edit` int(11) NOT NULL DEFAULT '0',
  `date_harga_vendor_edit` datetime DEFAULT NULL,
  `id_user_delete` int(11) NOT NULL DEFAULT '0',
  `date_harga_vendor_delete` datetime DEFAULT NULL
) ENGINE=InnoDB DEFAULT CHARSET=latin1;

--
-- Dumping data for table `harga_vendor`
--

INSERT INTO `harga_vendor` (`id_harga_vendor`, `id_request_item`, `id_cp`, `harga_produk`, `satuan_harga_produk`, `vendor_price_rate`, `status_harga_vendor`, `id_user_add`, `date_harga_vendor_add`, `id_user_edit`, `date_harga_vendor_edit`, `id_user_delete`, `date_harga_vendor_delete`) VALUES
(5, 16, 2, 1000000, 1010, 100, 0, 11, '2019-05-15 03:21:23', 0, NULL, 0, NULL),
(10, 43, 2, 20000, 1, 1500, 0, 11, '2019-05-19 18:12:00', 0, NULL, 0, NULL),
(12, 43, 9, 123000, 1, 12000, 0, 11, '2019-05-19 19:10:26', 0, NULL, 0, NULL),
(13, 43, 3, 111111, 0, 22223, 0, 11, '2019-05-19 19:34:58', 0, NULL, 0, NULL),
(14, 42, 2, 10000, 0, 12000, 0, 11, '2019-05-19 19:35:21', 0, NULL, 0, NULL),
(15, 42, 3, 15400, 0, 21000, 0, 11, '2019-05-19 19:35:24', 0, NULL, 0, NULL),
(16, 42, 9, 14000, 0, 11000, 0, 11, '2019-05-19 19:35:25', 0, NULL, 0, NULL);

-- --------------------------------------------------------

--
-- Table structure for table `log_privilage`
--

CREATE TABLE `log_privilage` (
  `id_log_privilage` int(11) NOT NULL,
  `id_user` int(11) NOT NULL,
  `id_menu` int(11) NOT NULL,
  `status_privilage` int(11) NOT NULL,
  `id_user_edit` int(11) NOT NULL,
  `date_user_edit` datetime NOT NULL
) ENGINE=InnoDB DEFAULT CHARSET=latin1;

--
-- Dumping data for table `log_privilage`
--

INSERT INTO `log_privilage` (`id_log_privilage`, `id_user`, `id_menu`, `status_privilage`, `id_user_edit`, `date_user_edit`) VALUES
(1, 11, 2, 1, 0, '2019-05-12 22:07:53'),
(2, 11, 3, 1, 0, '2019-05-12 22:07:53'),
(3, 12, 1, 1, 0, '2019-05-12 22:14:49'),
(4, 12, 2, 1, 0, '2019-05-12 22:14:49'),
(5, 12, 3, 1, 0, '2019-05-12 22:14:49'),
(6, 12, 1, 0, 0, '2019-05-12 22:15:27'),
(7, 11, 4, 1, 0, '2019-05-13 13:15:50'),
(8, 12, 4, 1, 0, '2019-05-13 13:15:50'),
(9, 11, 5, 1, 0, '2019-05-13 13:15:50'),
(10, 12, 5, 1, 0, '2019-05-13 13:15:50'),
(11, 11, 6, 1, 0, '2019-05-13 13:15:50'),
(12, 12, 6, 1, 0, '2019-05-13 13:15:50'),
(13, 11, 7, 1, 0, '2019-05-13 13:15:50'),
(14, 12, 7, 1, 0, '2019-05-13 13:15:50'),
(15, 11, 8, 1, 0, '2019-05-13 13:15:50'),
(16, 12, 8, 1, 0, '2019-05-13 13:15:50'),
(17, 11, 9, 1, 0, '2019-05-13 13:15:50'),
(18, 12, 9, 1, 0, '2019-05-13 13:15:50'),
(19, 11, 10, 1, 0, '2019-05-13 13:15:50'),
(20, 12, 10, 1, 0, '2019-05-13 13:15:50'),
(21, 11, 11, 1, 0, '2019-05-13 13:15:50'),
(22, 12, 11, 1, 0, '2019-05-13 13:15:50'),
(23, 13, 1, 1, 0, '2019-05-13 14:37:41'),
(24, 13, 2, 1, 0, '2019-05-13 14:37:41'),
(25, 13, 3, 1, 0, '2019-05-13 14:37:41'),
(26, 13, 4, 1, 0, '2019-05-13 14:37:41'),
(27, 13, 5, 1, 0, '2019-05-13 14:37:41'),
(28, 13, 6, 1, 0, '2019-05-13 14:37:41'),
(29, 13, 7, 1, 0, '2019-05-13 14:37:41'),
(30, 13, 8, 1, 0, '2019-05-13 14:37:41'),
(31, 13, 9, 1, 0, '2019-05-13 14:37:41'),
(32, 13, 10, 1, 0, '2019-05-13 14:37:41'),
(33, 13, 11, 1, 0, '2019-05-13 14:37:41'),
(34, 14, 1, 1, 0, '2019-05-13 14:49:13'),
(35, 14, 2, 1, 0, '2019-05-13 14:49:13'),
(36, 14, 3, 1, 0, '2019-05-13 14:49:13'),
(37, 14, 4, 1, 0, '2019-05-13 14:49:13'),
(38, 14, 5, 1, 0, '2019-05-13 14:49:13'),
(39, 14, 6, 1, 0, '2019-05-13 14:49:13'),
(40, 14, 7, 1, 0, '2019-05-13 14:49:13'),
(41, 14, 8, 1, 0, '2019-05-13 14:49:13'),
(42, 14, 9, 1, 0, '2019-05-13 14:49:13'),
(43, 14, 10, 1, 0, '2019-05-13 14:49:13'),
(44, 14, 11, 1, 0, '2019-05-13 14:49:13'),
(45, 15, 1, 1, 0, '2019-05-13 14:50:06'),
(46, 15, 2, 1, 0, '2019-05-13 14:50:06'),
(47, 15, 3, 1, 0, '2019-05-13 14:50:06'),
(48, 15, 4, 1, 0, '2019-05-13 14:50:06'),
(49, 15, 5, 1, 0, '2019-05-13 14:50:06'),
(50, 15, 6, 1, 0, '2019-05-13 14:50:06'),
(51, 15, 7, 1, 0, '2019-05-13 14:50:06'),
(52, 15, 8, 1, 0, '2019-05-13 14:50:06'),
(53, 15, 9, 1, 0, '2019-05-13 14:50:06'),
(54, 15, 10, 1, 0, '2019-05-13 14:50:06'),
(55, 15, 11, 1, 0, '2019-05-13 14:50:06'),
(56, 16, 1, 1, 0, '2019-05-13 14:50:40'),
(57, 16, 2, 1, 0, '2019-05-13 14:50:40'),
(58, 16, 3, 1, 0, '2019-05-13 14:50:40'),
(59, 16, 4, 1, 0, '2019-05-13 14:50:40'),
(60, 16, 5, 1, 0, '2019-05-13 14:50:40'),
(61, 16, 6, 1, 0, '2019-05-13 14:50:40'),
(62, 16, 7, 1, 0, '2019-05-13 14:50:40'),
(63, 16, 8, 1, 0, '2019-05-13 14:50:40'),
(64, 16, 9, 1, 0, '2019-05-13 14:50:40'),
(65, 16, 10, 1, 0, '2019-05-13 14:50:40'),
(66, 16, 11, 1, 0, '2019-05-13 14:50:40'),
(67, 17, 1, 1, 0, '2019-05-13 14:50:48'),
(68, 17, 2, 1, 0, '2019-05-13 14:50:48'),
(69, 17, 3, 1, 0, '2019-05-13 14:50:48'),
(70, 17, 4, 1, 0, '2019-05-13 14:50:48'),
(71, 17, 5, 1, 0, '2019-05-13 14:50:48'),
(72, 17, 6, 1, 0, '2019-05-13 14:50:48'),
(73, 17, 7, 1, 0, '2019-05-13 14:50:48'),
(74, 17, 8, 1, 0, '2019-05-13 14:50:48'),
(75, 17, 9, 1, 0, '2019-05-13 14:50:48'),
(76, 17, 10, 1, 0, '2019-05-13 14:50:48'),
(77, 17, 11, 1, 0, '2019-05-13 14:50:48'),
(78, 18, 1, 1, 0, '2019-05-13 14:51:02'),
(79, 18, 2, 1, 0, '2019-05-13 14:51:02'),
(80, 18, 3, 1, 0, '2019-05-13 14:51:02'),
(81, 18, 4, 1, 0, '2019-05-13 14:51:02'),
(82, 18, 5, 1, 0, '2019-05-13 14:51:02'),
(83, 18, 6, 1, 0, '2019-05-13 14:51:02'),
(84, 18, 7, 1, 0, '2019-05-13 14:51:02'),
(85, 18, 8, 1, 0, '2019-05-13 14:51:02'),
(86, 18, 9, 1, 0, '2019-05-13 14:51:02'),
(87, 18, 10, 1, 0, '2019-05-13 14:51:02'),
(88, 18, 11, 1, 0, '2019-05-13 14:51:02'),
(89, 19, 1, 1, 0, '2019-05-13 14:51:22'),
(90, 19, 2, 1, 0, '2019-05-13 14:51:22'),
(91, 19, 3, 1, 0, '2019-05-13 14:51:22'),
(92, 19, 4, 1, 0, '2019-05-13 14:51:22'),
(93, 19, 5, 1, 0, '2019-05-13 14:51:22'),
(94, 19, 6, 1, 0, '2019-05-13 14:51:22'),
(95, 19, 7, 1, 0, '2019-05-13 14:51:22'),
(96, 19, 8, 1, 0, '2019-05-13 14:51:22'),
(97, 19, 9, 1, 0, '2019-05-13 14:51:22'),
(98, 19, 10, 1, 0, '2019-05-13 14:51:22'),
(99, 19, 11, 1, 0, '2019-05-13 14:51:22'),
(100, 20, 1, 1, 0, '2019-05-13 14:51:48'),
(101, 20, 2, 1, 0, '2019-05-13 14:51:48'),
(102, 20, 3, 1, 0, '2019-05-13 14:51:48'),
(103, 20, 4, 1, 0, '2019-05-13 14:51:48'),
(104, 20, 5, 1, 0, '2019-05-13 14:51:48'),
(105, 20, 6, 1, 0, '2019-05-13 14:51:48'),
(106, 20, 7, 1, 0, '2019-05-13 14:51:48'),
(107, 20, 8, 1, 0, '2019-05-13 14:51:48'),
(108, 20, 9, 1, 0, '2019-05-13 14:51:48'),
(109, 20, 10, 1, 0, '2019-05-13 14:51:48'),
(110, 20, 11, 1, 0, '2019-05-13 14:51:48'),
(111, 21, 1, 1, 0, '2019-05-13 14:53:16'),
(112, 21, 2, 1, 0, '2019-05-13 14:53:16'),
(113, 21, 3, 1, 0, '2019-05-13 14:53:16'),
(114, 21, 4, 1, 0, '2019-05-13 14:53:16'),
(115, 21, 5, 1, 0, '2019-05-13 14:53:16'),
(116, 21, 6, 1, 0, '2019-05-13 14:53:16'),
(117, 21, 7, 1, 0, '2019-05-13 14:53:16'),
(118, 21, 8, 1, 0, '2019-05-13 14:53:16'),
(119, 21, 9, 1, 0, '2019-05-13 14:53:16'),
(120, 21, 10, 1, 0, '2019-05-13 14:53:16'),
(121, 21, 11, 1, 0, '2019-05-13 14:53:16'),
(122, 21, 6, 0, 11, '2019-05-13 14:53:16'),
(123, 21, 7, 0, 11, '2019-05-13 14:53:16'),
(124, 21, 8, 0, 11, '2019-05-13 14:53:16'),
(125, 21, 9, 0, 11, '2019-05-13 14:53:16'),
(126, 21, 1, 0, 11, '2019-05-13 14:53:16'),
(127, 21, 2, 0, 11, '2019-05-13 14:53:16'),
(128, 22, 1, 1, 0, '2019-05-13 14:54:20'),
(129, 22, 2, 1, 0, '2019-05-13 14:54:20'),
(130, 22, 3, 1, 0, '2019-05-13 14:54:20'),
(131, 22, 4, 1, 0, '2019-05-13 14:54:20'),
(132, 22, 5, 1, 0, '2019-05-13 14:54:20'),
(133, 22, 6, 1, 0, '2019-05-13 14:54:20'),
(134, 22, 7, 1, 0, '2019-05-13 14:54:20'),
(135, 22, 8, 1, 0, '2019-05-13 14:54:20'),
(136, 22, 9, 1, 0, '2019-05-13 14:54:20'),
(137, 22, 10, 1, 0, '2019-05-13 14:54:20'),
(138, 22, 11, 1, 0, '2019-05-13 14:54:20'),
(139, 22, 6, 0, 11, '2019-05-13 14:54:20'),
(140, 22, 8, 0, 11, '2019-05-13 14:54:21'),
(141, 22, 10, 0, 11, '2019-05-13 14:54:21'),
(142, 22, 1, 0, 11, '2019-05-13 14:54:21'),
(143, 22, 2, 0, 11, '2019-05-13 14:54:21'),
(144, 23, 1, 1, 0, '2019-05-13 15:00:39'),
(145, 23, 2, 1, 0, '2019-05-13 15:00:39'),
(146, 23, 3, 1, 0, '2019-05-13 15:00:39'),
(147, 23, 4, 1, 0, '2019-05-13 15:00:39'),
(148, 23, 5, 1, 0, '2019-05-13 15:00:39'),
(149, 23, 6, 1, 0, '2019-05-13 15:00:39'),
(150, 23, 7, 1, 0, '2019-05-13 15:00:39'),
(151, 23, 8, 1, 0, '2019-05-13 15:00:39'),
(152, 23, 9, 1, 0, '2019-05-13 15:00:39'),
(153, 23, 10, 1, 0, '2019-05-13 15:00:39'),
(154, 23, 11, 1, 0, '2019-05-13 15:00:39'),
(155, 23, 6, 0, 11, '2019-05-13 15:00:39'),
(156, 23, 8, 0, 11, '2019-05-13 15:00:39'),
(157, 23, 9, 0, 11, '2019-05-13 15:00:39'),
(158, 24, 1, 1, 0, '2019-05-23 08:32:34'),
(159, 24, 2, 1, 0, '2019-05-23 08:32:34'),
(160, 24, 3, 1, 0, '2019-05-23 08:32:34'),
(161, 24, 4, 1, 0, '2019-05-23 08:32:34'),
(162, 24, 5, 1, 0, '2019-05-23 08:32:34'),
(163, 24, 6, 1, 0, '2019-05-23 08:32:34'),
(164, 24, 7, 1, 0, '2019-05-23 08:32:34'),
(165, 24, 8, 1, 0, '2019-05-23 08:32:34'),
(166, 24, 9, 1, 0, '2019-05-23 08:32:34'),
(167, 24, 10, 1, 0, '2019-05-23 08:32:34'),
(168, 24, 11, 1, 0, '2019-05-23 08:32:34'),
(169, 24, 6, 0, 11, '2019-05-23 08:32:34'),
(170, 24, 9, 0, 11, '2019-05-23 08:32:34'),
(171, 24, 10, 0, 11, '2019-05-23 08:32:34'),
(172, 24, 11, 0, 11, '2019-05-23 08:32:35'),
(173, 24, 1, 0, 11, '2019-05-23 08:32:35'),
(174, 24, 2, 0, 11, '2019-05-23 08:32:35'),
(175, 25, 1, 1, 0, '2019-05-23 09:37:40'),
(176, 25, 2, 1, 0, '2019-05-23 09:37:40'),
(177, 25, 3, 1, 0, '2019-05-23 09:37:40'),
(178, 25, 4, 1, 0, '2019-05-23 09:37:40'),
(179, 25, 5, 1, 0, '2019-05-23 09:37:40'),
(180, 25, 6, 1, 0, '2019-05-23 09:37:40'),
(181, 25, 7, 1, 0, '2019-05-23 09:37:40'),
(182, 25, 8, 1, 0, '2019-05-23 09:37:40'),
(183, 25, 9, 1, 0, '2019-05-23 09:37:40'),
(184, 25, 10, 1, 0, '2019-05-23 09:37:40'),
(185, 25, 11, 1, 0, '2019-05-23 09:37:40'),
(186, 25, 4, 0, 11, '2019-05-23 09:37:41'),
(187, 25, 6, 0, 11, '2019-05-23 09:37:41'),
(188, 25, 8, 0, 11, '2019-05-23 09:37:41'),
(189, 25, 10, 0, 11, '2019-05-23 09:37:41'),
(190, 25, 2, 0, 11, '2019-05-23 09:37:41'),
(191, 11, 1, 1, 11, '2019-05-23 09:47:40'),
(192, 11, 2, 1, 11, '2019-05-23 09:47:40'),
(193, 11, 3, 1, 11, '2019-05-23 09:47:40'),
(194, 11, 4, 1, 11, '2019-05-23 09:47:40'),
(195, 11, 5, 1, 11, '2019-05-23 09:47:40'),
(196, 11, 6, 1, 11, '2019-05-23 09:47:40'),
(197, 11, 7, 1, 11, '2019-05-23 09:47:40'),
(198, 11, 8, 1, 11, '2019-05-23 09:47:40'),
(199, 11, 9, 1, 11, '2019-05-23 09:47:40'),
(200, 11, 10, 1, 11, '2019-05-23 09:47:40'),
(201, 11, 11, 1, 11, '2019-05-23 09:47:40'),
(202, 11, 9, 0, 11, '2019-05-23 09:47:40'),
(203, 11, 10, 0, 11, '2019-05-23 09:47:40'),
(204, 11, 11, 0, 11, '2019-05-23 09:47:40'),
(205, 11, 1, 0, 11, '2019-05-23 09:47:40'),
(206, 11, 2, 0, 11, '2019-05-23 09:47:40'),
(207, 23, 1, 1, 11, '2019-05-23 09:48:09'),
(208, 23, 2, 1, 11, '2019-05-23 09:48:09'),
(209, 23, 3, 1, 11, '2019-05-23 09:48:09'),
(210, 23, 4, 1, 11, '2019-05-23 09:48:09'),
(211, 23, 5, 1, 11, '2019-05-23 09:48:09'),
(212, 23, 6, 1, 11, '2019-05-23 09:48:09'),
(213, 23, 7, 1, 11, '2019-05-23 09:48:09'),
(214, 23, 8, 1, 11, '2019-05-23 09:48:09'),
(215, 23, 9, 1, 11, '2019-05-23 09:48:09'),
(216, 23, 10, 1, 11, '2019-05-23 09:48:09'),
(217, 23, 11, 1, 11, '2019-05-23 09:48:09'),
(218, 23, 4, 0, 11, '2019-05-23 09:48:09'),
(219, 23, 5, 0, 11, '2019-05-23 09:48:10'),
(220, 23, 1, 0, 11, '2019-05-23 09:48:10'),
(221, 23, 2, 0, 11, '2019-05-23 09:48:10'),
(222, 23, 3, 0, 11, '2019-05-23 09:48:10'),
(223, 25, 1, 1, 11, '2019-05-23 09:48:20'),
(224, 25, 2, 1, 11, '2019-05-23 09:48:20'),
(225, 25, 3, 1, 11, '2019-05-23 09:48:20'),
(226, 25, 4, 1, 11, '2019-05-23 09:48:20'),
(227, 25, 5, 1, 11, '2019-05-23 09:48:20'),
(228, 25, 6, 1, 11, '2019-05-23 09:48:20'),
(229, 25, 7, 1, 11, '2019-05-23 09:48:20'),
(230, 25, 8, 1, 11, '2019-05-23 09:48:20'),
(231, 25, 9, 1, 11, '2019-05-23 09:48:20'),
(232, 25, 10, 1, 11, '2019-05-23 09:48:20'),
(233, 25, 11, 1, 11, '2019-05-23 09:48:20'),
(234, 25, 4, 0, 11, '2019-05-23 09:48:20'),
(235, 25, 5, 0, 11, '2019-05-23 09:48:20'),
(236, 25, 6, 0, 11, '2019-05-23 09:48:20'),
(237, 25, 7, 0, 11, '2019-05-23 09:48:20'),
(238, 25, 8, 0, 11, '2019-05-23 09:48:20'),
(239, 25, 9, 0, 11, '2019-05-23 09:48:20'),
(240, 25, 10, 0, 11, '2019-05-23 09:48:20'),
(241, 25, 11, 0, 11, '2019-05-23 09:48:21'),
(242, 25, 1, 0, 11, '2019-05-23 09:48:21'),
(243, 25, 2, 0, 11, '2019-05-23 09:48:21'),
(244, 25, 3, 0, 11, '2019-05-23 09:48:21');

-- --------------------------------------------------------

--
-- Table structure for table `log_user`
--

CREATE TABLE `log_user` (
  `id_log_user` int(11) NOT NULL,
  `id_user` int(11) NOT NULL,
  `nama_user` varchar(100) NOT NULL,
  `email_user` varchar(100) NOT NULL,
  `nohp_user` varchar(14) NOT NULL,
  `status_user` int(11) NOT NULL,
  `id_user_author` int(11) NOT NULL,
  `date_edit` datetime NOT NULL
) ENGINE=InnoDB DEFAULT CHARSET=latin1;

--
-- Dumping data for table `log_user`
--

INSERT INTO `log_user` (`id_log_user`, `id_user`, `nama_user`, `email_user`, `nohp_user`, `status_user`, `id_user_author`, `date_edit`) VALUES
(1, 11, 'Joshua Natan', 'joshuanatan.jn@gmail.com', '089616961915', 0, 1, '2019-05-12 21:55:11'),
(6, 12, 'Shinta Melinda Sukardi', 'shinta.melinda@leiter.co.id', '08111045532', 0, 1, '2019-05-12 22:14:49'),
(7, 13, 'Robert Cau', 'bob@leiter.co.id', '123456789', 0, 11, '2019-05-13 14:37:41'),
(8, 14, 'Robert Cau', 'bob@leiter.co.id', '123456789', 0, 11, '2019-05-13 14:49:13'),
(9, 15, 'Test Account ', 'testaccount@example.com', '123412341234', 0, 11, '2019-05-13 14:50:06'),
(10, 16, 'Test Account ', 'testaccount@example.com', '123412341234', 0, 11, '2019-05-13 14:50:40'),
(11, 17, 'Test Account ', 'testaccount@example.com', '123412341234', 0, 11, '2019-05-13 14:50:48'),
(12, 18, 'Test Account ', 'testaccount@example.com', '123412341234', 0, 11, '2019-05-13 14:51:02'),
(13, 19, 'Test Account ', 'testaccount@example.com', '123412341234', 0, 11, '2019-05-13 14:51:22'),
(14, 20, 'Test Account ', 'testaccount@example.com', '123412341234', 0, 11, '2019-05-13 14:51:48'),
(15, 21, 'Test Account ', 'testaccount@example.com', '123412341234', 0, 11, '2019-05-13 14:53:16'),
(16, 22, 'test acount 2', 'testaccount2@gmail.com', '123412341234', 0, 11, '2019-05-13 14:54:20'),
(17, 23, 'Test account 3', 'testacoount@gmail.com', '123412341234', 0, 11, '2019-05-13 15:00:39'),
(18, 24, 'Test Employee 4', 'asdf@gmail.com', '12341234', 0, 11, '2019-05-23 08:32:34'),
(19, 24, 'Test Employee 444444444444444', 'asdf@gmail.com4444444444444444444', '12341234444444', 0, 11, '2019-05-23 08:32:34'),
(20, 24, 'Test Employee 444444444444444', 'asdf@gmail.com4444444444444444444', '12341234444444', 1, 11, '2019-05-23 08:32:34'),
(21, 25, 'test edit privilege', 'privilege@user.cin', '12341234', 0, 11, '2019-05-23 09:37:40');

-- --------------------------------------------------------

--
-- Table structure for table `menu`
--

CREATE TABLE `menu` (
  `id_menu` int(11) NOT NULL,
  `link_control` varchar(100) NOT NULL,
  `type_menu` varchar(100) NOT NULL COMMENT 'MASTER, CRM',
  `head_menu` varchar(100) NOT NULL,
  `nama_menu` varchar(100) NOT NULL,
  `status_menu` int(11) NOT NULL
) ENGINE=InnoDB DEFAULT CHARSET=latin1;

--
-- Dumping data for table `menu`
--

INSERT INTO `menu` (`id_menu`, `link_control`, `type_menu`, `head_menu`, `nama_menu`, `status_menu`) VALUES
(1, 'employee', 'MASTER', 'master/user/', 'Employee', 0),
(2, 'labor', 'MASTER', 'master/user/', 'Labor', 0),
(3, 'sales', 'MASTER', 'master/user/', 'Sales', 0),
(4, 'goods', 'CRM', 'crm/', 'Goods', 0),
(5, 'invoice', 'CRM', 'crm/', 'Invoice', 0),
(6, 'oc', 'CRM', 'crm/', 'Order Confirmation', 0),
(7, 'od', 'CRM', 'crm/', 'Order Delivery', 0),
(8, 'po', 'CRM', 'crm/', 'Purchase Order', 0),
(9, 'quotation', 'CRM', 'crm/', 'Quotation', 0),
(10, 'request', 'CRM', 'crm/', 'Price Request', 0),
(11, 'vendor', 'CRM', 'crm/', 'Vendor Price', 0);

--
-- Triggers `menu`
--
DELIMITER $$
CREATE TRIGGER `add additional privilage` AFTER INSERT ON `menu` FOR EACH ROW BEGIN
    insert into privilage(id_menu,id_user,status_privilage,id_user_edit,date_user_edit) select NEW.id_menu, user.id_user, 1, 'SYSTEM', now() from user;
END
$$
DELIMITER ;

-- --------------------------------------------------------

--
-- Table structure for table `metode_pengiriman_shipping`
--

CREATE TABLE `metode_pengiriman_shipping` (
  `id_perusahaan` int(11) NOT NULL,
  `metode_pengiriman` varchar(10) NOT NULL,
  `status_metode_pengiriman` int(11) NOT NULL DEFAULT '1',
  `id_user_add` int(11) NOT NULL,
  `date_metode_pengiriman_add` datetime DEFAULT CURRENT_TIMESTAMP,
  `id_user_edit` int(11) NOT NULL DEFAULT '0',
  `date_metode_pengiriman_edit` datetime NOT NULL DEFAULT '0000-00-00 00:00:00',
  `id_user_delete` int(11) NOT NULL DEFAULT '0',
  `date_metode_pengiriman_delete` datetime NOT NULL DEFAULT '0000-00-00 00:00:00'
) ENGINE=InnoDB DEFAULT CHARSET=latin1;

--
-- Dumping data for table `metode_pengiriman_shipping`
--

INSERT INTO `metode_pengiriman_shipping` (`id_perusahaan`, `metode_pengiriman`, `status_metode_pengiriman`, `id_user_add`, `date_metode_pengiriman_add`, `id_user_edit`, `date_metode_pengiriman_edit`, `id_user_delete`, `date_metode_pengiriman_delete`) VALUES
(0, '', 1, 0, '2019-05-23 02:03:05', 11, '0000-00-00 00:00:00', 0, '0000-00-00 00:00:00'),
(7, 'AIR', 1, 11, '2019-05-14 15:59:46', 0, '0000-00-00 00:00:00', 0, '0000-00-00 00:00:00'),
(7, 'LAND', 1, 11, '2019-05-14 15:59:46', 0, '0000-00-00 00:00:00', 0, '0000-00-00 00:00:00'),
(8, 'AIR', 0, 11, '2019-05-14 16:12:58', 11, '0000-00-00 00:00:00', 0, '0000-00-00 00:00:00'),
(8, 'LAND', 0, 11, '2019-05-14 16:12:58', 11, '0000-00-00 00:00:00', 0, '0000-00-00 00:00:00'),
(8, 'SEA', 1, 11, '2019-05-14 16:12:58', 11, '0000-00-00 00:00:00', 0, '0000-00-00 00:00:00'),
(9, 'AIR', 0, 11, '2019-05-18 22:04:33', 11, '0000-00-00 00:00:00', 0, '0000-00-00 00:00:00'),
(9, 'LAND', 1, 11, '2019-05-18 22:04:33', 11, '0000-00-00 00:00:00', 0, '0000-00-00 00:00:00'),
(9, 'SEA', 1, 11, '2019-05-18 22:04:33', 11, '0000-00-00 00:00:00', 0, '0000-00-00 00:00:00');

-- --------------------------------------------------------

--
-- Table structure for table `perusahaan`
--

CREATE TABLE `perusahaan` (
  `id_perusahaan` int(11) NOT NULL,
  `nama_perusahaan` varchar(200) NOT NULL,
  `jenis_perusahaan` varchar(100) NOT NULL,
  `alamat_perusahaan` text NOT NULL,
  `notelp_perusahaan` varchar(15) NOT NULL,
  `peran_perusahaan` varchar(100) NOT NULL,
  `status_perusahaan` int(11) NOT NULL DEFAULT '0',
  `id_user_add` int(11) NOT NULL,
  `date_perusahaan_add` datetime NOT NULL DEFAULT CURRENT_TIMESTAMP,
  `id_user_edit` int(11) NOT NULL DEFAULT '0',
  `date_perusahaan_edit` datetime NOT NULL DEFAULT '0000-00-00 00:00:00',
  `id_user_delete` int(11) NOT NULL DEFAULT '0',
  `date_perusahaan_delete` datetime NOT NULL DEFAULT '0000-00-00 00:00:00'
) ENGINE=InnoDB DEFAULT CHARSET=latin1;

--
-- Dumping data for table `perusahaan`
--

INSERT INTO `perusahaan` (`id_perusahaan`, `nama_perusahaan`, `jenis_perusahaan`, `alamat_perusahaan`, `notelp_perusahaan`, `peran_perusahaan`, `status_perusahaan`, `id_user_add`, `date_perusahaan_add`, `id_user_edit`, `date_perusahaan_edit`, `id_user_delete`, `date_perusahaan_delete`) VALUES
(1, 'PT ADIL SEJAHTERA BANGET', 'PAKAN TERNAK', 'LETSGO HEHE', '12341234', 'CUSTOMER', 1, 11, '2019-05-13 23:07:44', 11, '0000-00-00 00:00:00', 11, '0000-00-00 00:00:00'),
(2, 'PT ADIL SEJAHTERA', 'PAKAN', 'LETSGO', '12341234', 'CUSTOMER', 0, 11, '2019-05-13 23:07:56', 0, '0000-00-00 00:00:00', 0, '0000-00-00 00:00:00'),
(3, 'PT AYO VENDORE', 'Perikanan dan Perhutanan', ' wkwkwkhehe', '21121', 'PRODUK', 0, 11, '2019-05-13 23:23:27', 11, '0000-00-00 00:00:00', 0, '0000-00-00 00:00:00'),
(4, 'PT KEDUA SETELAH PERTAMA', 'humor', 'hehe', '123123', 'PRODUK', 0, 11, '2019-05-14 08:32:20', 0, '0000-00-00 00:00:00', 0, '0000-00-00 00:00:00'),
(8, 'test1', 'test2', 'test3', '123', 'SHIPPING', 1, 11, '2019-05-14 16:12:58', 11, '0000-00-00 00:00:00', 11, '0000-00-00 00:00:00'),
(9, 'PT GARUDA INDONESIA SINGA', 'PENERBANGAN LUAR ANGKASA', 'airport bandara  terminal 3', '1234567899999', 'SHIPPING', 0, 11, '2019-05-18 22:04:33', 11, '0000-00-00 00:00:00', 0, '0000-00-00 00:00:00'),
(10, 'PT VNDOR KETIGA', 'PERHUTANAN', 'aewfkjoaiejfoj', '12341324', 'PRODUK', 1, 11, '2019-05-19 14:16:35', 0, '0000-00-00 00:00:00', 11, '0000-00-00 00:00:00'),
(11, 'SIolam', 'Rumah Sakit', 'karawaci', '1233211', 'CUSTOMER', 0, 11, '2019-05-22 23:33:59', 0, '0000-00-00 00:00:00', 0, '0000-00-00 00:00:00'),
(12, 'buang', 'a', 'a', '3', 'PRODUK', 1, 11, '2019-05-23 01:19:18', 0, '0000-00-00 00:00:00', 11, '0000-00-00 00:00:00'),
(13, 'LETS TRY', 'Percakapan', 'airport', '12341234', 'SHIPPING', 1, 11, '2019-05-23 01:40:19', 0, '0000-00-00 00:00:00', 11, '0000-00-00 00:00:00');

-- --------------------------------------------------------

--
-- Table structure for table `price_request`
--

CREATE TABLE `price_request` (
  `id_request` int(11) NOT NULL,
  `tgl_dateline_request` date NOT NULL,
  `status_request` int(11) NOT NULL DEFAULT '0',
  `id_perusahaan` int(11) NOT NULL COMMENT 'perlu untuk menjaga kalau ada pegawai yang pindah kantor dan masih berinteraksi dengan leiter',
  `id_cp` int(11) NOT NULL,
  `franco` varchar(200) DEFAULT NULL,
  `id_user_add` int(11) NOT NULL,
  `date_request_add` datetime NOT NULL DEFAULT CURRENT_TIMESTAMP,
  `id_user_edit` int(11) NOT NULL DEFAULT '0',
  `date_request_edit` datetime NOT NULL DEFAULT '0000-00-00 00:00:00',
  `id_user_delete` int(11) NOT NULL DEFAULT '0',
  `date_request_delete` datetime NOT NULL DEFAULT '0000-00-00 00:00:00'
) ENGINE=InnoDB DEFAULT CHARSET=latin1;

--
-- Dumping data for table `price_request`
--

INSERT INTO `price_request` (`id_request`, `tgl_dateline_request`, `status_request`, `id_perusahaan`, `id_cp`, `franco`, `id_user_add`, `date_request_add`, `id_user_edit`, `date_request_edit`, `id_user_delete`, `date_request_delete`) VALUES
(1, '0000-00-00', 1, 1, 1, '', 11, '2019-05-14 23:30:15', 0, '0000-00-00 00:00:00', 0, '0000-00-00 00:00:00'),
(2, '0000-00-00', 0, 2, 1, '', 11, '2019-05-17 14:16:24', 0, '0000-00-00 00:00:00', 0, '0000-00-00 00:00:00'),
(3, '0000-00-00', 1, 3, 1, '', 11, '2019-05-17 14:42:33', 0, '0000-00-00 00:00:00', 0, '0000-00-00 00:00:00'),
(4, '2019-05-31', 1, 4, 1, '', 11, '2019-05-18 08:30:40', 0, '0000-00-00 00:00:00', 0, '0000-00-00 00:00:00'),
(5, '2019-06-29', 1, 1, 1, 'Medans', 11, '2019-05-18 08:38:37', 11, '2019-05-19 16:13:39', 0, '0000-00-00 00:00:00'),
(6, '2019-05-31', 3, 1, 1, 'Surabaya', 11, '2019-05-18 11:37:12', 0, '0000-00-00 00:00:00', 0, '0000-00-00 00:00:00');

-- --------------------------------------------------------

--
-- Table structure for table `price_request_item`
--

CREATE TABLE `price_request_item` (
  `id_request_item` int(11) NOT NULL,
  `id_request` int(11) NOT NULL,
  `id_produk` int(11) NOT NULL,
  `jumlah_produk` int(11) NOT NULL,
  `status_request_item` int(11) NOT NULL DEFAULT '0',
  `id_user_add` int(11) NOT NULL,
  `date_request_item_add` datetime NOT NULL DEFAULT CURRENT_TIMESTAMP,
  `id_user_edit` int(11) NOT NULL DEFAULT '0',
  `date_request_item_edit` datetime NOT NULL DEFAULT '0000-00-00 00:00:00',
  `id_user_delete` int(11) NOT NULL DEFAULT '0',
  `date_request_item_delete` datetime NOT NULL DEFAULT '0000-00-00 00:00:00'
) ENGINE=InnoDB DEFAULT CHARSET=latin1;

--
-- Dumping data for table `price_request_item`
--

INSERT INTO `price_request_item` (`id_request_item`, `id_request`, `id_produk`, `jumlah_produk`, `status_request_item`, `id_user_add`, `date_request_item_add`, `id_user_edit`, `date_request_item_edit`, `id_user_delete`, `date_request_item_delete`) VALUES
(1, 1, 1, 1, 1, 11, '2019-05-14 23:30:15', 0, '0000-00-00 00:00:00', 0, '0000-00-00 00:00:00'),
(2, 1, 1, 1, 1, 11, '2019-05-14 23:32:25', 0, '0000-00-00 00:00:00', 0, '0000-00-00 00:00:00'),
(3, 1, 1, 1, 1, 11, '2019-05-14 23:33:10', 0, '0000-00-00 00:00:00', 0, '0000-00-00 00:00:00'),
(4, 1, 1, 1, 1, 11, '2019-05-14 23:33:28', 0, '0000-00-00 00:00:00', 0, '0000-00-00 00:00:00'),
(5, 1, 1, 1, 1, 11, '2019-05-14 23:34:12', 0, '0000-00-00 00:00:00', 0, '0000-00-00 00:00:00'),
(6, 1, 1, 1, 1, 11, '2019-05-14 23:34:37', 0, '0000-00-00 00:00:00', 0, '0000-00-00 00:00:00'),
(8, 1, 3, 0, 1, 11, '2019-05-14 23:36:19', 0, '0000-00-00 00:00:00', 0, '0000-00-00 00:00:00'),
(9, 1, 3, 1, 1, 11, '2019-05-14 23:36:43', 0, '0000-00-00 00:00:00', 0, '0000-00-00 00:00:00'),
(10, 1, 3, 1, 1, 11, '2019-05-14 23:37:06', 0, '0000-00-00 00:00:00', 0, '0000-00-00 00:00:00'),
(11, 1, 3, 1, 1, 11, '2019-05-14 23:37:41', 0, '0000-00-00 00:00:00', 0, '0000-00-00 00:00:00'),
(12, 1, 1, 1, 1, 11, '2019-05-14 23:38:01', 0, '0000-00-00 00:00:00', 0, '0000-00-00 00:00:00'),
(13, 1, 1, 100, 1, 11, '2019-05-14 23:39:34', 0, '0000-00-00 00:00:00', 0, '0000-00-00 00:00:00'),
(14, 1, 3, 15, 1, 11, '2019-05-14 23:39:34', 0, '0000-00-00 00:00:00', 0, '0000-00-00 00:00:00'),
(15, 1, 3, 15, 0, 11, '2019-05-15 00:49:58', 0, '0000-00-00 00:00:00', 0, '0000-00-00 00:00:00'),
(16, 1, 4, 20, 0, 11, '2019-05-15 00:52:36', 0, '0000-00-00 00:00:00', 0, '0000-00-00 00:00:00'),
(17, 1, 2, 100, 0, 11, '2019-05-15 00:52:36', 0, '0000-00-00 00:00:00', 0, '0000-00-00 00:00:00'),
(18, 2, 3, 1000, 1, 11, '2019-05-15 16:12:06', 0, '0000-00-00 00:00:00', 0, '0000-00-00 00:00:00'),
(19, 2, 4, 100, 1, 11, '2019-05-17 14:11:45', 0, '0000-00-00 00:00:00', 0, '0000-00-00 00:00:00'),
(20, 2, 3, 100, 1, 11, '2019-05-17 14:11:45', 0, '0000-00-00 00:00:00', 0, '0000-00-00 00:00:00'),
(21, 2, 2, 1000, 1, 11, '2019-05-17 14:15:03', 0, '0000-00-00 00:00:00', 0, '0000-00-00 00:00:00'),
(22, 2, 5, 1000, 1, 11, '2019-05-17 14:15:03', 0, '0000-00-00 00:00:00', 0, '0000-00-00 00:00:00'),
(23, 2, 2, 1000, 1, 11, '2019-05-17 14:15:08', 0, '0000-00-00 00:00:00', 0, '0000-00-00 00:00:00'),
(24, 2, 5, 1000, 1, 11, '2019-05-17 14:15:08', 0, '0000-00-00 00:00:00', 0, '0000-00-00 00:00:00'),
(25, 2, 2, 1000, 1, 11, '2019-05-17 14:15:33', 0, '0000-00-00 00:00:00', 0, '0000-00-00 00:00:00'),
(26, 2, 5, 1000, 1, 11, '2019-05-17 14:15:33', 0, '0000-00-00 00:00:00', 0, '0000-00-00 00:00:00'),
(27, 2, 2, 1000, 1, 11, '2019-05-17 14:15:38', 0, '0000-00-00 00:00:00', 0, '0000-00-00 00:00:00'),
(28, 2, 5, 1000, 1, 11, '2019-05-17 14:15:38', 0, '0000-00-00 00:00:00', 0, '0000-00-00 00:00:00'),
(29, 2, 2, 1000, 1, 11, '2019-05-17 14:15:42', 0, '0000-00-00 00:00:00', 0, '0000-00-00 00:00:00'),
(30, 2, 5, 1000, 1, 11, '2019-05-17 14:15:42', 0, '0000-00-00 00:00:00', 0, '0000-00-00 00:00:00'),
(31, 3, 4, 100, 0, 11, '2019-05-17 14:42:33', 0, '0000-00-00 00:00:00', 0, '0000-00-00 00:00:00'),
(32, 3, 2, 80, 0, 11, '2019-05-17 14:42:33', 0, '0000-00-00 00:00:00', 0, '0000-00-00 00:00:00'),
(33, 3, 5, 100, 0, 11, '2019-05-17 15:32:32', 0, '0000-00-00 00:00:00', 0, '0000-00-00 00:00:00'),
(34, 3, 2, 100, 1, 11, '2019-05-17 15:34:55', 0, '0000-00-00 00:00:00', 0, '0000-00-00 00:00:00'),
(35, 4, 5, 100, 0, 11, '2019-05-18 08:30:40', 0, '0000-00-00 00:00:00', 0, '0000-00-00 00:00:00'),
(36, 4, 2, 50, 0, 11, '2019-05-18 08:30:40', 0, '0000-00-00 00:00:00', 0, '0000-00-00 00:00:00'),
(37, 5, 4, 100, 1, 11, '2019-05-18 08:38:37', 0, '0000-00-00 00:00:00', 0, '0000-00-00 00:00:00'),
(38, 5, 4, 120, 1, 11, '2019-05-18 09:51:25', 0, '0000-00-00 00:00:00', 0, '0000-00-00 00:00:00'),
(39, 5, 2, 100, 0, 11, '2019-05-18 10:06:36', 0, '0000-00-00 00:00:00', 0, '0000-00-00 00:00:00'),
(40, 5, 5, 10, 0, 11, '2019-05-18 10:22:41', 0, '0000-00-00 00:00:00', 0, '0000-00-00 00:00:00'),
(41, 6, 5, 100, 0, 11, '2019-05-18 11:37:12', 0, '0000-00-00 00:00:00', 0, '0000-00-00 00:00:00'),
(42, 6, 3, 20, 0, 11, '2019-05-18 11:37:12', 0, '0000-00-00 00:00:00', 0, '0000-00-00 00:00:00'),
(43, 6, 4, 100, 0, 11, '2019-05-18 22:49:22', 0, '0000-00-00 00:00:00', 0, '0000-00-00 00:00:00');

-- --------------------------------------------------------

--
-- Table structure for table `privilage`
--

CREATE TABLE `privilage` (
  `id_privilage` int(11) NOT NULL,
  `id_menu` int(11) NOT NULL,
  `id_user` int(11) NOT NULL,
  `status_privilage` int(11) NOT NULL,
  `id_user_edit` int(11) NOT NULL,
  `date_user_edit` datetime NOT NULL
) ENGINE=InnoDB DEFAULT CHARSET=latin1;

--
-- Dumping data for table `privilage`
--

INSERT INTO `privilage` (`id_privilage`, `id_menu`, `id_user`, `status_privilage`, `id_user_edit`, `date_user_edit`) VALUES
(4, 1, 11, 0, 11, '2019-05-23 04:47:40'),
(5, 2, 11, 0, 11, '2019-05-23 04:47:40'),
(6, 3, 11, 1, 11, '2019-05-23 04:47:40'),
(7, 1, 12, 0, 0, '2019-05-12 22:14:49'),
(8, 2, 12, 1, 0, '2019-05-12 22:14:49'),
(9, 3, 12, 1, 0, '2019-05-12 22:14:49'),
(10, 4, 11, 1, 11, '2019-05-23 04:47:40'),
(11, 4, 12, 1, 0, '2019-05-13 13:15:50'),
(13, 5, 11, 1, 11, '2019-05-23 04:47:40'),
(14, 5, 12, 1, 0, '2019-05-13 13:15:50'),
(16, 6, 11, 1, 11, '2019-05-23 04:47:40'),
(17, 6, 12, 1, 0, '2019-05-13 13:15:50'),
(19, 7, 11, 1, 11, '2019-05-23 04:47:40'),
(20, 7, 12, 1, 0, '2019-05-13 13:15:50'),
(22, 8, 11, 1, 11, '2019-05-23 04:47:40'),
(23, 8, 12, 1, 0, '2019-05-13 13:15:50'),
(25, 9, 11, 0, 11, '2019-05-23 04:47:40'),
(26, 9, 12, 1, 0, '2019-05-13 13:15:50'),
(28, 10, 11, 0, 11, '2019-05-23 04:47:40'),
(29, 10, 12, 1, 0, '2019-05-13 13:15:50'),
(31, 11, 11, 0, 11, '2019-05-23 04:47:40'),
(32, 11, 12, 1, 0, '2019-05-13 13:15:50'),
(34, 1, 13, 1, 0, '2019-05-13 14:37:41'),
(35, 2, 13, 1, 0, '2019-05-13 14:37:41'),
(36, 3, 13, 1, 0, '2019-05-13 14:37:41'),
(37, 4, 13, 1, 0, '2019-05-13 14:37:41'),
(38, 5, 13, 1, 0, '2019-05-13 14:37:41'),
(39, 6, 13, 1, 0, '2019-05-13 14:37:41'),
(40, 7, 13, 1, 0, '2019-05-13 14:37:41'),
(41, 8, 13, 1, 0, '2019-05-13 14:37:41'),
(42, 9, 13, 1, 0, '2019-05-13 14:37:41'),
(43, 10, 13, 1, 0, '2019-05-13 14:37:41'),
(44, 11, 13, 1, 0, '2019-05-13 14:37:41'),
(49, 1, 14, 1, 0, '2019-05-13 14:49:13'),
(50, 2, 14, 1, 0, '2019-05-13 14:49:13'),
(51, 3, 14, 1, 0, '2019-05-13 14:49:13'),
(52, 4, 14, 1, 0, '2019-05-13 14:49:13'),
(53, 5, 14, 1, 0, '2019-05-13 14:49:13'),
(54, 6, 14, 1, 0, '2019-05-13 14:49:13'),
(55, 7, 14, 1, 0, '2019-05-13 14:49:13'),
(56, 8, 14, 1, 0, '2019-05-13 14:49:13'),
(57, 9, 14, 1, 0, '2019-05-13 14:49:13'),
(58, 10, 14, 1, 0, '2019-05-13 14:49:13'),
(59, 11, 14, 1, 0, '2019-05-13 14:49:13'),
(64, 1, 15, 1, 0, '2019-05-13 14:50:06'),
(65, 2, 15, 1, 0, '2019-05-13 14:50:06'),
(66, 3, 15, 1, 0, '2019-05-13 14:50:06'),
(67, 4, 15, 1, 0, '2019-05-13 14:50:06'),
(68, 5, 15, 1, 0, '2019-05-13 14:50:06'),
(69, 6, 15, 1, 0, '2019-05-13 14:50:06'),
(70, 7, 15, 1, 0, '2019-05-13 14:50:06'),
(71, 8, 15, 1, 0, '2019-05-13 14:50:06'),
(72, 9, 15, 1, 0, '2019-05-13 14:50:06'),
(73, 10, 15, 1, 0, '2019-05-13 14:50:06'),
(74, 11, 15, 1, 0, '2019-05-13 14:50:06'),
(79, 1, 16, 1, 0, '2019-05-13 14:50:40'),
(80, 2, 16, 1, 0, '2019-05-13 14:50:40'),
(81, 3, 16, 1, 0, '2019-05-13 14:50:40'),
(82, 4, 16, 1, 0, '2019-05-13 14:50:40'),
(83, 5, 16, 1, 0, '2019-05-13 14:50:40'),
(84, 6, 16, 1, 0, '2019-05-13 14:50:40'),
(85, 7, 16, 1, 0, '2019-05-13 14:50:40'),
(86, 8, 16, 1, 0, '2019-05-13 14:50:40'),
(87, 9, 16, 1, 0, '2019-05-13 14:50:40'),
(88, 10, 16, 1, 0, '2019-05-13 14:50:40'),
(89, 11, 16, 1, 0, '2019-05-13 14:50:40'),
(94, 1, 17, 1, 0, '2019-05-13 14:50:48'),
(95, 2, 17, 1, 0, '2019-05-13 14:50:48'),
(96, 3, 17, 1, 0, '2019-05-13 14:50:48'),
(97, 4, 17, 1, 0, '2019-05-13 14:50:48'),
(98, 5, 17, 1, 0, '2019-05-13 14:50:48'),
(99, 6, 17, 1, 0, '2019-05-13 14:50:48'),
(100, 7, 17, 1, 0, '2019-05-13 14:50:48'),
(101, 8, 17, 1, 0, '2019-05-13 14:50:48'),
(102, 9, 17, 1, 0, '2019-05-13 14:50:48'),
(103, 10, 17, 1, 0, '2019-05-13 14:50:48'),
(104, 11, 17, 1, 0, '2019-05-13 14:50:48'),
(109, 1, 18, 1, 0, '2019-05-13 14:51:02'),
(110, 2, 18, 1, 0, '2019-05-13 14:51:02'),
(111, 3, 18, 1, 0, '2019-05-13 14:51:02'),
(112, 4, 18, 1, 0, '2019-05-13 14:51:02'),
(113, 5, 18, 1, 0, '2019-05-13 14:51:02'),
(114, 6, 18, 1, 0, '2019-05-13 14:51:02'),
(115, 7, 18, 1, 0, '2019-05-13 14:51:02'),
(116, 8, 18, 1, 0, '2019-05-13 14:51:02'),
(117, 9, 18, 1, 0, '2019-05-13 14:51:02'),
(118, 10, 18, 1, 0, '2019-05-13 14:51:02'),
(119, 11, 18, 1, 0, '2019-05-13 14:51:02'),
(124, 1, 19, 1, 0, '2019-05-13 14:51:22'),
(125, 2, 19, 1, 0, '2019-05-13 14:51:22'),
(126, 3, 19, 1, 0, '2019-05-13 14:51:22'),
(127, 4, 19, 1, 0, '2019-05-13 14:51:22'),
(128, 5, 19, 1, 0, '2019-05-13 14:51:22'),
(129, 6, 19, 1, 0, '2019-05-13 14:51:22'),
(130, 7, 19, 1, 0, '2019-05-13 14:51:22'),
(131, 8, 19, 1, 0, '2019-05-13 14:51:22'),
(132, 9, 19, 1, 0, '2019-05-13 14:51:22'),
(133, 10, 19, 1, 0, '2019-05-13 14:51:22'),
(134, 11, 19, 1, 0, '2019-05-13 14:51:22'),
(139, 1, 20, 1, 0, '2019-05-13 14:51:48'),
(140, 2, 20, 1, 0, '2019-05-13 14:51:48'),
(141, 3, 20, 1, 0, '2019-05-13 14:51:48'),
(142, 4, 20, 1, 0, '2019-05-13 14:51:48'),
(143, 5, 20, 1, 0, '2019-05-13 14:51:48'),
(144, 6, 20, 1, 0, '2019-05-13 14:51:48'),
(145, 7, 20, 1, 0, '2019-05-13 14:51:48'),
(146, 8, 20, 1, 0, '2019-05-13 14:51:48'),
(147, 9, 20, 1, 0, '2019-05-13 14:51:48'),
(148, 10, 20, 1, 0, '2019-05-13 14:51:48'),
(149, 11, 20, 1, 0, '2019-05-13 14:51:48'),
(154, 1, 21, 0, 11, '0000-00-00 00:00:00'),
(155, 2, 21, 0, 11, '0000-00-00 00:00:00'),
(156, 3, 21, 1, 0, '2019-05-13 14:53:16'),
(157, 4, 21, 1, 0, '2019-05-13 14:53:16'),
(158, 5, 21, 1, 0, '2019-05-13 14:53:16'),
(159, 6, 21, 0, 11, '0000-00-00 00:00:00'),
(160, 7, 21, 0, 11, '0000-00-00 00:00:00'),
(161, 8, 21, 0, 11, '0000-00-00 00:00:00'),
(162, 9, 21, 0, 11, '0000-00-00 00:00:00'),
(163, 10, 21, 1, 0, '2019-05-13 14:53:16'),
(164, 11, 21, 1, 0, '2019-05-13 14:53:16'),
(169, 1, 22, 0, 11, '0000-00-00 00:00:00'),
(170, 2, 22, 0, 11, '0000-00-00 00:00:00'),
(171, 3, 22, 1, 0, '2019-05-13 14:54:20'),
(172, 4, 22, 1, 0, '2019-05-13 14:54:20'),
(173, 5, 22, 1, 0, '2019-05-13 14:54:20'),
(174, 6, 22, 0, 11, '0000-00-00 00:00:00'),
(175, 7, 22, 1, 0, '2019-05-13 14:54:20'),
(176, 8, 22, 0, 11, '0000-00-00 00:00:00'),
(177, 9, 22, 1, 0, '2019-05-13 14:54:20'),
(178, 10, 22, 0, 11, '0000-00-00 00:00:00'),
(179, 11, 22, 1, 0, '2019-05-13 14:54:20'),
(184, 1, 23, 0, 11, '2019-05-23 04:48:10'),
(185, 2, 23, 0, 11, '2019-05-23 04:48:10'),
(186, 3, 23, 0, 11, '2019-05-23 04:48:10'),
(187, 4, 23, 0, 11, '2019-05-23 04:48:09'),
(188, 5, 23, 0, 11, '2019-05-23 04:48:10'),
(189, 6, 23, 1, 11, '2019-05-23 04:48:09'),
(190, 7, 23, 1, 11, '2019-05-23 04:48:09'),
(191, 8, 23, 1, 11, '2019-05-23 04:48:09'),
(192, 9, 23, 1, 11, '2019-05-23 04:48:09'),
(193, 10, 23, 1, 11, '2019-05-23 04:48:09'),
(194, 11, 23, 1, 11, '2019-05-23 04:48:09'),
(195, 1, 24, 0, 11, '2019-05-23 03:32:35'),
(196, 2, 24, 0, 11, '2019-05-23 03:32:35'),
(197, 3, 24, 1, 0, '2019-05-23 08:32:34'),
(198, 4, 24, 1, 0, '2019-05-23 08:32:34'),
(199, 5, 24, 1, 0, '2019-05-23 08:32:34'),
(200, 6, 24, 0, 11, '2019-05-23 03:32:34'),
(201, 7, 24, 1, 0, '2019-05-23 08:32:34'),
(202, 8, 24, 1, 0, '2019-05-23 08:32:34'),
(203, 9, 24, 0, 11, '2019-05-23 03:32:34'),
(204, 10, 24, 0, 11, '2019-05-23 03:32:34'),
(205, 11, 24, 0, 11, '2019-05-23 03:32:35'),
(210, 1, 25, 0, 11, '2019-05-23 04:48:21'),
(211, 2, 25, 0, 11, '2019-05-23 04:48:21'),
(212, 3, 25, 0, 11, '2019-05-23 04:48:21'),
(213, 4, 25, 0, 11, '2019-05-23 04:48:20'),
(214, 5, 25, 0, 11, '2019-05-23 04:48:20'),
(215, 6, 25, 0, 11, '2019-05-23 04:48:20'),
(216, 7, 25, 0, 11, '2019-05-23 04:48:20'),
(217, 8, 25, 0, 11, '2019-05-23 04:48:20'),
(218, 9, 25, 0, 11, '2019-05-23 04:48:20'),
(219, 10, 25, 0, 11, '2019-05-23 04:48:20'),
(220, 11, 25, 0, 11, '2019-05-23 04:48:21');

--
-- Triggers `privilage`
--
DELIMITER $$
CREATE TRIGGER `Insert privilage Log` AFTER INSERT ON `privilage` FOR EACH ROW BEGIN
	insert into log_privilage(id_user,id_menu,status_privilage,id_user_edit, date_user_edit) values (NEW.id_user, NEW.id_menu, NEW.status_privilage, NEW.id_user_edit, now());
END
$$
DELIMITER ;
DELIMITER $$
CREATE TRIGGER `Update privilage Log` AFTER UPDATE ON `privilage` FOR EACH ROW BEGIN
	insert into log_privilage(id_user,id_menu,status_privilage,id_user_edit, date_user_edit) values (NEW.id_user, NEW.id_menu, NEW.status_privilage, NEW.id_user_edit, now());
END
$$
DELIMITER ;

-- --------------------------------------------------------

--
-- Table structure for table `produk`
--

CREATE TABLE `produk` (
  `id_produk` int(11) NOT NULL,
  `bn_produk` varchar(200) NOT NULL,
  `nama_produk` text NOT NULL,
  `satuan_produk` varchar(200) NOT NULL,
  `deskripsi_produk` text NOT NULL,
  `status_produk` int(11) NOT NULL DEFAULT '0',
  `id_user_add` int(11) NOT NULL,
  `date_produk_add` datetime NOT NULL DEFAULT CURRENT_TIMESTAMP,
  `id_user_edit` int(11) NOT NULL DEFAULT '0',
  `date_produk_edit` datetime NOT NULL DEFAULT '0000-00-00 00:00:00',
  `id_user_delete` int(11) NOT NULL DEFAULT '0',
  `date_produk_delete` datetime NOT NULL DEFAULT '0000-00-00 00:00:00'
) ENGINE=InnoDB DEFAULT CHARSET=latin1;

--
-- Dumping data for table `produk`
--

INSERT INTO `produk` (`id_produk`, `bn_produk`, `nama_produk`, `satuan_produk`, `deskripsi_produk`, `status_produk`, `id_user_add`, `date_produk_add`, `id_user_edit`, `date_produk_edit`, `id_user_delete`, `date_produk_delete`) VALUES
(1, '1234', 'nama barang 1', 'm', 'putih terang dan tidak gelap', 0, 1, '2019-05-13 17:54:17', 0, '0000-00-00 00:00:00', 0, '0000-00-00 00:00:00'),
(2, '0000-0000-000-00', 'Product Name', 'Roll', 'titleee', 0, 11, '2019-05-13 20:46:40', 0, '0000-00-00 00:00:00', 0, '0000-00-00 00:00:00'),
(3, '0000-0000-000-00', 'asdf', 'Roll', 'letsgo', 0, 11, '2019-05-13 20:52:30', 0, '0000-00-00 00:00:00', 0, '0000-00-00 00:00:00'),
(4, '0000-0000-000-00', 'letsgo', 'm', 'awef', 0, 11, '2019-05-13 20:52:53', 0, '0000-00-00 00:00:00', 0, '0000-00-00 00:00:00'),
(5, '1234-1234-123-12', 'awefefefa', 'Roll', 'aewfawef', 0, 11, '2019-05-13 20:53:41', 0, '0000-00-00 00:00:00', 0, '0000-00-00 00:00:00');

-- --------------------------------------------------------

--
-- Table structure for table `produk_vendor`
--

CREATE TABLE `produk_vendor` (
  `id_produk_vendor` int(11) NOT NULL,
  `bn_produk_vendor` varchar(200) NOT NULL,
  `nama_produk_vendor` text NOT NULL,
  `satuan_produk_vendor` varchar(200) NOT NULL,
  `deskripsi_produk_vendor` text NOT NULL,
  `status_produk_vendor` int(11) NOT NULL DEFAULT '0',
  `id_perusahaan` int(11) NOT NULL,
  `id_produk` int(11) NOT NULL,
  `id_user_add` int(11) NOT NULL,
  `date_produk_vendor_add` datetime DEFAULT CURRENT_TIMESTAMP,
  `id_user_edit` int(11) NOT NULL DEFAULT '0',
  `date_produk_vendor_edit` datetime NOT NULL DEFAULT '0000-00-00 00:00:00',
  `id_user_delete` int(11) NOT NULL DEFAULT '0',
  `date_produk_vendor_delete` datetime NOT NULL DEFAULT '0000-00-00 00:00:00'
) ENGINE=InnoDB DEFAULT CHARSET=latin1;

--
-- Dumping data for table `produk_vendor`
--

INSERT INTO `produk_vendor` (`id_produk_vendor`, `bn_produk_vendor`, `nama_produk_vendor`, `satuan_produk_vendor`, `deskripsi_produk_vendor`, `status_produk_vendor`, `id_perusahaan`, `id_produk`, `id_user_add`, `date_produk_vendor_add`, `id_user_edit`, `date_produk_vendor_edit`, `id_user_delete`, `date_produk_vendor_delete`) VALUES
(1, '1234-123-134-23', 'produk vendor yo', 'm', 'yes coba', 0, 3, 4, 11, '2019-05-14 08:27:08', 0, '0000-00-00 00:00:00', 0, '0000-00-00 00:00:00'),
(2, '1234-4321-123-32', 'hehehehehehe', 'Roll', 'letsgo\r\n', 0, 3, 3, 11, '2019-05-18 11:39:05', 0, '0000-00-00 00:00:00', 0, '0000-00-00 00:00:00'),
(3, '9999-9999-999-999', 'selain asdf', 'Roll', '123456789', 0, 4, 3, 11, '2019-05-18 23:12:28', 0, '0000-00-00 00:00:00', 0, '0000-00-00 00:00:00'),
(4, '4444-4444-444-44', 'Hore ini letsgo', 'Roll', 'sdafasdf\r\n', 0, 4, 4, 11, '2019-05-18 23:12:47', 0, '0000-00-00 00:00:00', 0, '0000-00-00 00:00:00'),
(5, '231', 'EFAWEFAWEFAWEFAWF', 'Roll', 'AWEFAWEF', 0, 10, 4, 11, '2019-05-19 14:17:04', 0, '0000-00-00 00:00:00', 0, '0000-00-00 00:00:00'),
(6, '32423423424', 'AEWFWAFE', 'Roll', 'AWFWAEFAWE', 0, 10, 3, 11, '2019-05-19 14:17:19', 0, '0000-00-00 00:00:00', 0, '0000-00-00 00:00:00'),
(7, '1234-3422-5555-123', 'nama barang beda dong kan dari vendor', 'm', 'gelap kok ga putih2 banget', 0, 3, 1, 11, '2019-05-20 11:38:54', 0, '0000-00-00 00:00:00', 0, '0000-00-00 00:00:00');

-- --------------------------------------------------------

--
-- Table structure for table `quotation`
--

CREATE TABLE `quotation` (
  `id_quo` int(11) NOT NULL,
  `id_request` int(11) NOT NULL,
  `no_quo` varchar(200) NOT NULL,
  `hal_quo` text NOT NULL,
  `id_cp` int(11) NOT NULL COMMENT 'nanti ini ambil data perusahaanya',
  `up_cp` varchar(200) NOT NULL,
  `durasi_pengiriman` int(11) NOT NULL,
  `trigger_pengiriman` varchar(500) NOT NULL,
  `tambahan_pengiriman` text NOT NULL COMMENT 'termasuk sabtu minggu atau tidak',
  `franco` varchar(200) NOT NULL,
  `durasi_pembayaran` int(11) NOT NULL,
  `trigger_pembayaran` varchar(500) NOT NULL,
  `tambahan_pembayaran` text NOT NULL COMMENT 'catatan tambahan',
  `mata_uang_pembayaran` varchar(100) NOT NULL,
  `dateline_quo` date NOT NULL,
  `status_quo` int(11) NOT NULL DEFAULT '0',
  `versi_quo` int(11) NOT NULL,
  `id_user_add` int(11) NOT NULL,
  `date_quo_add` datetime NOT NULL DEFAULT CURRENT_TIMESTAMP,
  `id_user_edit` int(11) NOT NULL DEFAULT '0',
  `date_quo_edit` datetime DEFAULT NULL,
  `id_user_delete` int(11) NOT NULL DEFAULT '0',
  `date_quo_delete` datetime DEFAULT NULL
) ENGINE=InnoDB DEFAULT CHARSET=latin1;

-- --------------------------------------------------------

--
-- Table structure for table `quotation_item`
--

CREATE TABLE `quotation_item` (
  `id_quotation_item` int(11) NOT NULL,
  `id_quotation` int(11) NOT NULL,
  `quo_version` int(11) NOT NULL,
  `id_request_item` int(11) NOT NULL,
  `item_amount` int(11) NOT NULL,
  `selling_price` int(11) NOT NULL,
  `margin_price` int(11) NOT NULL
) ENGINE=InnoDB DEFAULT CHARSET=latin1;

--
-- Dumping data for table `quotation_item`
--

INSERT INTO `quotation_item` (`id_quotation_item`, `id_quotation`, `quo_version`, `id_request_item`, `item_amount`, `selling_price`, `margin_price`) VALUES
(6, 1, 1, 16, 20, 2147483647, 2147483647),
(7, 1, 1, 16, 20, 1000000000, 992973548),
(8, 3, 1, 16, 20, 100000000, 94648086),
(9, 4, 1, 16, 20, 2147483647, 0),
(10, 3, 2, 16, 20, 0, -5351914),
(23, 3, 2, 16, 20, 100000000, 92973548),
(24, 3, 2, 16, 20, 100000000, 92973548),
(25, 3, 2, 16, 20, 0, 0),
(26, 3, 2, 16, 20, 100000000, 94648086),
(27, 4, 3, 16, 20, 100000000, 94648086),
(28, 4, 3, 15, 20, 10000000, 4648086);

-- --------------------------------------------------------

--
-- Table structure for table `satuan`
--

CREATE TABLE `satuan` (
  `nama_satuan` varchar(200) NOT NULL,
  `status_satuan` int(11) NOT NULL DEFAULT '0',
  `id_user_add` int(11) NOT NULL,
  `date_satuan_add` datetime NOT NULL DEFAULT CURRENT_TIMESTAMP,
  `id_user_edit` int(11) NOT NULL DEFAULT '0',
  `date_satuan_edit` datetime NOT NULL DEFAULT '0000-00-00 00:00:00',
  `id_user_delete` int(11) NOT NULL DEFAULT '0',
  `date-satuan_delete` datetime NOT NULL DEFAULT '0000-00-00 00:00:00'
) ENGINE=InnoDB DEFAULT CHARSET=latin1;

--
-- Dumping data for table `satuan`
--

INSERT INTO `satuan` (`nama_satuan`, `status_satuan`, `id_user_add`, `date_satuan_add`, `id_user_edit`, `date_satuan_edit`, `id_user_delete`, `date-satuan_delete`) VALUES
('m', 0, 11, '2019-05-14 08:26:44', 0, '0000-00-00 00:00:00', 0, '0000-00-00 00:00:00'),
('Roll', 0, 11, '2019-05-13 20:52:30', 0, '0000-00-00 00:00:00', 0, '0000-00-00 00:00:00');

-- --------------------------------------------------------

--
-- Table structure for table `success_project`
--

CREATE TABLE `success_project` (
  `id_success_project` int(11) NOT NULL,
  `id_quo` int(11) NOT NULL,
  `status_po` int(11) NOT NULL
) ENGINE=InnoDB DEFAULT CHARSET=latin1;

-- --------------------------------------------------------

--
-- Table structure for table `tipe_user`
--

CREATE TABLE `tipe_user` (
  `id_user` int(11) NOT NULL,
  `id_tipe` int(11) NOT NULL COMMENT '0 = employee, 1 = sales, 2 = labor, 3 = super'
) ENGINE=InnoDB DEFAULT CHARSET=latin1;

--
-- Dumping data for table `tipe_user`
--

INSERT INTO `tipe_user` (`id_user`, `id_tipe`) VALUES
(23, 0),
(11, 3),
(24, 0),
(25, 0);

-- --------------------------------------------------------

--
-- Table structure for table `user`
--

CREATE TABLE `user` (
  `id_user` int(11) NOT NULL,
  `nama_user` varchar(100) NOT NULL,
  `email_user` varchar(100) NOT NULL,
  `nohp_user` varchar(15) NOT NULL,
  `password` text NOT NULL,
  `status_user` int(11) NOT NULL DEFAULT '0',
  `id_user_add` int(11) NOT NULL,
  `date_user_add` datetime DEFAULT CURRENT_TIMESTAMP,
  `id_user_edit` int(11) NOT NULL DEFAULT '0',
  `date_user_edit` datetime NOT NULL DEFAULT '0000-00-00 00:00:00',
  `id_user_delete` int(11) NOT NULL DEFAULT '0',
  `date_user_delete` datetime NOT NULL DEFAULT '0000-00-00 00:00:00'
) ENGINE=InnoDB DEFAULT CHARSET=latin1;

--
-- Dumping data for table `user`
--

INSERT INTO `user` (`id_user`, `nama_user`, `email_user`, `nohp_user`, `password`, `status_user`, `id_user_add`, `date_user_add`, `id_user_edit`, `date_user_edit`, `id_user_delete`, `date_user_delete`) VALUES
(11, 'Joshua Natan Wijaya', 'joshuanatan.jn@gmail.com', '089616961915', 'e10adc3949ba59abbe56e057f20f883e', 0, 1, '2019-05-12 21:55:11', 0, '0000-00-00 00:00:00', 0, '0000-00-00 00:00:00'),
(12, 'Shinta Melinda Sukardi', 'shinta.melinda@leiter.co.id', '08111045532', 'e10adc3949ba59abbe56e057f20f883e', 0, 1, '2019-05-12 22:14:49', 0, '0000-00-00 00:00:00', 0, '0000-00-00 00:00:00'),
(13, 'Robert Cau', 'bob@leiter.co.id', '123456789', 'e10adc3949ba59abbe56e057f20f883e', 0, 11, '2019-05-13 14:37:41', 0, '0000-00-00 00:00:00', 0, '0000-00-00 00:00:00'),
(14, 'Robert Cau', 'bob@leiter.co.id', '123456789', 'e10adc3949ba59abbe56e057f20f883e', 0, 11, '2019-05-13 14:49:13', 0, '0000-00-00 00:00:00', 0, '0000-00-00 00:00:00'),
(15, 'Test Account ', 'testaccount@example.com', '123412341234', 'e10adc3949ba59abbe56e057f20f883e', 0, 11, '2019-05-13 14:50:06', 0, '0000-00-00 00:00:00', 0, '0000-00-00 00:00:00'),
(16, 'Test Account ', 'testaccount@example.com', '123412341234', 'e10adc3949ba59abbe56e057f20f883e', 0, 11, '2019-05-13 14:50:40', 0, '0000-00-00 00:00:00', 0, '0000-00-00 00:00:00'),
(17, 'Test Account ', 'testaccount@example.com', '123412341234', 'e10adc3949ba59abbe56e057f20f883e', 0, 11, '2019-05-13 14:50:48', 0, '0000-00-00 00:00:00', 0, '0000-00-00 00:00:00'),
(18, 'Test Account ', 'testaccount@example.com', '123412341234', 'e10adc3949ba59abbe56e057f20f883e', 0, 11, '2019-05-13 14:51:02', 0, '0000-00-00 00:00:00', 0, '0000-00-00 00:00:00'),
(19, 'Test Account ', 'testaccount@example.com', '123412341234', 'e10adc3949ba59abbe56e057f20f883e', 0, 11, '2019-05-13 14:51:22', 0, '0000-00-00 00:00:00', 0, '0000-00-00 00:00:00'),
(20, 'Test Account ', 'testaccount@example.com', '123412341234', 'e10adc3949ba59abbe56e057f20f883e', 0, 11, '2019-05-13 14:51:48', 0, '0000-00-00 00:00:00', 0, '0000-00-00 00:00:00'),
(21, 'Test Account ', 'testaccount@example.com', '123412341234', 'e10adc3949ba59abbe56e057f20f883e', 0, 11, '2019-05-13 14:53:16', 0, '0000-00-00 00:00:00', 0, '0000-00-00 00:00:00'),
(22, 'test acount 2', 'testaccount2@gmail.com', '123412341234', 'e10adc3949ba59abbe56e057f20f883e', 0, 11, '2019-05-13 14:54:20', 0, '0000-00-00 00:00:00', 0, '0000-00-00 00:00:00'),
(23, 'Test account 3', 'testacoount@gmail.com', '123412341234', 'e10adc3949ba59abbe56e057f20f883e', 0, 11, '2019-05-13 15:00:39', 0, '0000-00-00 00:00:00', 0, '0000-00-00 00:00:00'),
(24, 'Test Employee 444444444444444', 'asdf@gmail.com4444444444444444444', '123412344444444', 'e10adc3949ba59abbe56e057f20f883e', 1, 11, '2019-05-23 08:32:34', 11, '0000-00-00 00:00:00', 11, '0000-00-00 00:00:00'),
(25, 'test edit privilege', 'privilege@user.cin', '12341234', 'e10adc3949ba59abbe56e057f20f883e', 0, 11, '2019-05-23 09:37:40', 0, '0000-00-00 00:00:00', 0, '0000-00-00 00:00:00');

--
-- Triggers `user`
--
DELIMITER $$
CREATE TRIGGER `Default Privilage and log user` AFTER INSERT ON `user` FOR EACH ROW BEGIN
	insert into privilage(privilage.id_menu, privilage.id_user, privilage.status_privilage, privilage.id_user_edit,privilage.date_user_edit) select menu.id_menu, NEW.id_user,1,'SYSTEM',now() from menu;
    
    insert into log_user(log_user.id_user, log_user.nama_user, log_user.email_user, log_user.nohp_user, log_user.status_user, log_user.id_user_author,log_user.date_edit) values(NEW.id_user, NEW.nama_user, NEW.email_user, NEW.nohp_user, NEW.status_user, NEW.id_user_add, NEW.date_user_add);
END
$$
DELIMITER ;
DELIMITER $$
CREATE TRIGGER `Edit Log User` AFTER UPDATE ON `user` FOR EACH ROW BEGIN
	insert into log_user(log_user.id_user, log_user.nama_user, log_user.email_user, log_user.nohp_user, log_user.status_user, log_user.id_user_author,log_user.date_edit) values(NEW.id_user, NEW.nama_user, NEW.email_user, NEW.nohp_user, NEW.status_user, NEW.id_user_add, NEW.date_user_add);
END
$$
DELIMITER ;

-- --------------------------------------------------------

--
-- Table structure for table `variable_courier_price`
--

CREATE TABLE `variable_courier_price` (
  `id_variable_courier` int(11) NOT NULL,
  `shipping_purpose` varchar(50) NOT NULL,
  `metode_pengiriman` varchar(10) NOT NULL,
  `id_cp` int(11) NOT NULL,
  `id_perusahaan` int(11) NOT NULL,
  `nama_variable` varchar(300) NOT NULL,
  `biaya_variable` int(11) NOT NULL,
  `kurs_variable` int(11) NOT NULL,
  `status_variable` int(11) NOT NULL DEFAULT '0',
  `id_request_item` int(11) NOT NULL,
  `id_user_add` int(11) NOT NULL,
  `id_variable_shipping_price_add` datetime NOT NULL DEFAULT CURRENT_TIMESTAMP,
  `id_user_edit` int(11) NOT NULL DEFAULT '0',
  `id_variable_shipping_price_edit` datetime DEFAULT '0000-00-00 00:00:00',
  `id_user_delete` int(11) NOT NULL DEFAULT '0',
  `id_variable_shipping_price_delete` datetime NOT NULL DEFAULT '0000-00-00 00:00:00'
) ENGINE=InnoDB DEFAULT CHARSET=latin1;

--
-- Dumping data for table `variable_courier_price`
--

INSERT INTO `variable_courier_price` (`id_variable_courier`, `shipping_purpose`, `metode_pengiriman`, `id_cp`, `id_perusahaan`, `nama_variable`, `biaya_variable`, `kurs_variable`, `status_variable`, `id_request_item`, `id_user_add`, `id_variable_shipping_price_add`, `id_user_edit`, `id_variable_shipping_price_edit`, `id_user_delete`, `id_variable_shipping_price_delete`) VALUES
(1, 'CUSTOMER', 'SEA', 7, 8, 'testsetwojoawjefo', 10000, 1000, 1, 42, 11, '2019-05-19 22:06:19', 0, '0000-00-00 00:00:00', 0, '0000-00-00 00:00:00'),
(2, 'CUSTOMER', 'LAND', 7, 8, 'test 1 land customer', 123000, 321000, 0, 42, 11, '2019-05-19 22:21:02', 0, '0000-00-00 00:00:00', 0, '0000-00-00 00:00:00'),
(3, 'CUSTOMER', 'SEA', 8, 9, 'Sea garuda asdf ', 102000, 12000, 0, 42, 11, '2019-05-19 22:43:00', 0, '0000-00-00 00:00:00', 0, '0000-00-00 00:00:00'),
(4, 'CUSTOMER', 'SEA', 7, 8, 'test1 sea asf', 120000, 15000, 0, 42, 11, '2019-05-19 22:43:37', 0, '0000-00-00 00:00:00', 0, '0000-00-00 00:00:00'),
(5, 'CUSTOMER', 'SEA', 7, 8, 'test1 sea asf 2', 14000, 11000, 0, 42, 11, '2019-05-19 22:43:37', 0, '0000-00-00 00:00:00', 0, '0000-00-00 00:00:00');

-- --------------------------------------------------------

--
-- Table structure for table `variable_shipping_price`
--

CREATE TABLE `variable_shipping_price` (
  `id_variable_shipping` int(11) NOT NULL,
  `id_supplier` int(11) NOT NULL,
  `shipping_purpose` varchar(50) NOT NULL,
  `metode_pengiriman` varchar(10) NOT NULL,
  `id_cp` int(11) NOT NULL,
  `id_perusahaan` int(11) NOT NULL,
  `nama_variable` varchar(300) NOT NULL,
  `biaya_variable` int(11) NOT NULL,
  `kurs_variable` int(11) NOT NULL,
  `status_variable` int(11) NOT NULL DEFAULT '0',
  `id_request_item` int(11) NOT NULL,
  `id_user_add` int(11) NOT NULL,
  `id_variable_shipping_price_add` datetime NOT NULL DEFAULT CURRENT_TIMESTAMP,
  `id_user_edit` int(11) NOT NULL DEFAULT '0',
  `id_variable_shipping_price_edit` datetime DEFAULT '0000-00-00 00:00:00',
  `id_user_delete` int(11) NOT NULL DEFAULT '0',
  `id_variable_shipping_price_delete` datetime NOT NULL DEFAULT '0000-00-00 00:00:00'
) ENGINE=InnoDB DEFAULT CHARSET=latin1;

--
-- Dumping data for table `variable_shipping_price`
--

INSERT INTO `variable_shipping_price` (`id_variable_shipping`, `id_supplier`, `shipping_purpose`, `metode_pengiriman`, `id_cp`, `id_perusahaan`, `nama_variable`, `biaya_variable`, `kurs_variable`, `status_variable`, `id_request_item`, `id_user_add`, `id_variable_shipping_price_add`, `id_user_edit`, `id_variable_shipping_price_edit`, `id_user_delete`, `id_variable_shipping_price_delete`) VALUES
(1, 3, 'SUPPLIER', 'SEA', 8, 9, 'garuda sea ayovendor asdf 1', 11000, 11000, 0, 42, 11, '2019-05-19 20:10:09', 0, '0000-00-00 00:00:00', 0, '0000-00-00 00:00:00'),
(2, 3, 'SUPPLIER', 'SEA', 8, 9, 'garuda sea ayovendor asdf 2', 12000, 12000, 0, 42, 11, '2019-05-19 20:10:10', 0, '0000-00-00 00:00:00', 0, '0000-00-00 00:00:00'),
(3, 4, 'SUPPLIER', 'SEA', 8, 9, 'garuda sea keduasetelahpertama asdf 1', 13000, 13000, 0, 42, 11, '2019-05-19 20:12:37', 0, '0000-00-00 00:00:00', 0, '0000-00-00 00:00:00'),
(4, 4, 'SUPPLIER', 'SEA', 8, 9, 'garuda sea keduasetelahpertama asdf 2', 14000, 14000, 0, 42, 11, '2019-05-19 20:12:37', 0, '0000-00-00 00:00:00', 0, '0000-00-00 00:00:00'),
(5, 3, 'SUPPLIER', 'AIR', 8, 9, 'garuda air ayovendor asdf 1', 11000, 11000, 0, 42, 11, '2019-05-19 20:13:41', 0, '0000-00-00 00:00:00', 0, '0000-00-00 00:00:00'),
(6, 3, 'SUPPLIER', 'AIR', 8, 9, 'garuda air ayovendor asdf 2', 12000, 12000, 0, 42, 11, '2019-05-19 20:13:41', 0, '0000-00-00 00:00:00', 0, '0000-00-00 00:00:00'),
(7, 3, 'SUPPLIER', 'LAND', 7, 8, 'test1 land ayovendor asdf 1', 11000, 11000, 0, 42, 11, '2019-05-19 20:14:31', 0, '0000-00-00 00:00:00', 0, '0000-00-00 00:00:00'),
(8, 3, 'SUPPLIER', 'LAND', 7, 8, 'test1 land ayovendor asdf 2', 12000, 12000, 0, 42, 11, '2019-05-19 20:14:31', 0, '0000-00-00 00:00:00', 0, '0000-00-00 00:00:00'),
(9, 3, 'SUPPLIER', 'SEA', 7, 8, 'test1 sea ayovendor asdf 1', 11000, 11000, 0, 42, 11, '2019-05-19 20:14:56', 0, '0000-00-00 00:00:00', 0, '0000-00-00 00:00:00'),
(10, 3, 'SUPPLIER', 'SEA', 7, 8, 'test1 sea ayovendor asdf 2', 12000, 12000, 0, 42, 11, '2019-05-19 20:14:56', 0, '0000-00-00 00:00:00', 0, '0000-00-00 00:00:00'),
(11, 4, 'SUPPLIER', 'LAND', 7, 8, 'test1 land keduasetelahpertama asdf 1', 14000, 14000, 0, 42, 11, '2019-05-19 20:17:50', 0, '0000-00-00 00:00:00', 0, '0000-00-00 00:00:00'),
(12, 4, 'SUPPLIER', 'LAND', 7, 8, 'test1 land keduasetelahpertama asdf 2', 16000, 16000, 0, 42, 11, '2019-05-19 20:17:50', 0, '0000-00-00 00:00:00', 0, '0000-00-00 00:00:00'),
(13, 4, 'SUPPLIER', 'SEA', 7, 8, 'test1 sea keduasetelahpertama asdf 1', 154000, 12000, 0, 42, 11, '2019-05-19 20:18:18', 0, '0000-00-00 00:00:00', 0, '0000-00-00 00:00:00'),
(14, 4, 'SUPPLIER', 'SEA', 7, 8, 'test1 sea keduasetelahpertama asdf 2', 18000, 17000, 0, 42, 11, '2019-05-19 20:18:18', 0, '0000-00-00 00:00:00', 0, '0000-00-00 00:00:00'),
(15, 4, 'SUPPLIER', 'AIR', 8, 9, 'garuda air keduasetelahpertama asdf 1', 12300, 12000, 0, 42, 11, '2019-05-19 20:19:34', 0, '0000-00-00 00:00:00', 0, '0000-00-00 00:00:00'),
(16, 4, 'SUPPLIER', 'AIR', 8, 9, 'garuda air keduasetelahpertama asdf 2', 15000, 14000, 0, 42, 11, '2019-05-19 20:19:34', 0, '0000-00-00 00:00:00', 0, '0000-00-00 00:00:00');

--
-- Indexes for dumped tables
--

--
-- Indexes for table `contact_person`
--
ALTER TABLE `contact_person`
  ADD PRIMARY KEY (`id_cp`);

--
-- Indexes for table `harga_vendor`
--
ALTER TABLE `harga_vendor`
  ADD PRIMARY KEY (`id_harga_vendor`);

--
-- Indexes for table `log_privilage`
--
ALTER TABLE `log_privilage`
  ADD PRIMARY KEY (`id_log_privilage`);

--
-- Indexes for table `log_user`
--
ALTER TABLE `log_user`
  ADD PRIMARY KEY (`id_log_user`);

--
-- Indexes for table `menu`
--
ALTER TABLE `menu`
  ADD PRIMARY KEY (`id_menu`);

--
-- Indexes for table `metode_pengiriman_shipping`
--
ALTER TABLE `metode_pengiriman_shipping`
  ADD PRIMARY KEY (`id_perusahaan`,`metode_pengiriman`);

--
-- Indexes for table `perusahaan`
--
ALTER TABLE `perusahaan`
  ADD PRIMARY KEY (`id_perusahaan`);

--
-- Indexes for table `price_request`
--
ALTER TABLE `price_request`
  ADD PRIMARY KEY (`id_request`);

--
-- Indexes for table `price_request_item`
--
ALTER TABLE `price_request_item`
  ADD PRIMARY KEY (`id_request_item`);

--
-- Indexes for table `privilage`
--
ALTER TABLE `privilage`
  ADD PRIMARY KEY (`id_privilage`);

--
-- Indexes for table `produk`
--
ALTER TABLE `produk`
  ADD PRIMARY KEY (`id_produk`);

--
-- Indexes for table `produk_vendor`
--
ALTER TABLE `produk_vendor`
  ADD PRIMARY KEY (`id_produk_vendor`);

--
-- Indexes for table `quotation`
--
ALTER TABLE `quotation`
  ADD PRIMARY KEY (`id_quo`,`versi_quo`);

--
-- Indexes for table `quotation_item`
--
ALTER TABLE `quotation_item`
  ADD PRIMARY KEY (`id_quotation_item`);

--
-- Indexes for table `satuan`
--
ALTER TABLE `satuan`
  ADD PRIMARY KEY (`nama_satuan`);

--
-- Indexes for table `success_project`
--
ALTER TABLE `success_project`
  ADD PRIMARY KEY (`id_success_project`);

--
-- Indexes for table `user`
--
ALTER TABLE `user`
  ADD PRIMARY KEY (`id_user`);

--
-- Indexes for table `variable_courier_price`
--
ALTER TABLE `variable_courier_price`
  ADD PRIMARY KEY (`id_variable_courier`);

--
-- Indexes for table `variable_shipping_price`
--
ALTER TABLE `variable_shipping_price`
  ADD PRIMARY KEY (`id_variable_shipping`);

--
-- AUTO_INCREMENT for dumped tables
--

--
-- AUTO_INCREMENT for table `contact_person`
--
ALTER TABLE `contact_person`
  MODIFY `id_cp` int(11) NOT NULL AUTO_INCREMENT, AUTO_INCREMENT=23;

--
-- AUTO_INCREMENT for table `harga_vendor`
--
ALTER TABLE `harga_vendor`
  MODIFY `id_harga_vendor` int(11) NOT NULL AUTO_INCREMENT, AUTO_INCREMENT=17;

--
-- AUTO_INCREMENT for table `log_privilage`
--
ALTER TABLE `log_privilage`
  MODIFY `id_log_privilage` int(11) NOT NULL AUTO_INCREMENT, AUTO_INCREMENT=245;

--
-- AUTO_INCREMENT for table `log_user`
--
ALTER TABLE `log_user`
  MODIFY `id_log_user` int(11) NOT NULL AUTO_INCREMENT, AUTO_INCREMENT=22;

--
-- AUTO_INCREMENT for table `menu`
--
ALTER TABLE `menu`
  MODIFY `id_menu` int(11) NOT NULL AUTO_INCREMENT, AUTO_INCREMENT=12;

--
-- AUTO_INCREMENT for table `perusahaan`
--
ALTER TABLE `perusahaan`
  MODIFY `id_perusahaan` int(11) NOT NULL AUTO_INCREMENT, AUTO_INCREMENT=14;

--
-- AUTO_INCREMENT for table `price_request`
--
ALTER TABLE `price_request`
  MODIFY `id_request` int(11) NOT NULL AUTO_INCREMENT, AUTO_INCREMENT=7;

--
-- AUTO_INCREMENT for table `price_request_item`
--
ALTER TABLE `price_request_item`
  MODIFY `id_request_item` int(11) NOT NULL AUTO_INCREMENT, AUTO_INCREMENT=44;

--
-- AUTO_INCREMENT for table `privilage`
--
ALTER TABLE `privilage`
  MODIFY `id_privilage` int(11) NOT NULL AUTO_INCREMENT, AUTO_INCREMENT=225;

--
-- AUTO_INCREMENT for table `produk`
--
ALTER TABLE `produk`
  MODIFY `id_produk` int(11) NOT NULL AUTO_INCREMENT, AUTO_INCREMENT=6;

--
-- AUTO_INCREMENT for table `produk_vendor`
--
ALTER TABLE `produk_vendor`
  MODIFY `id_produk_vendor` int(11) NOT NULL AUTO_INCREMENT, AUTO_INCREMENT=8;

--
-- AUTO_INCREMENT for table `quotation_item`
--
ALTER TABLE `quotation_item`
  MODIFY `id_quotation_item` int(11) NOT NULL AUTO_INCREMENT, AUTO_INCREMENT=29;

--
-- AUTO_INCREMENT for table `success_project`
--
ALTER TABLE `success_project`
  MODIFY `id_success_project` int(11) NOT NULL AUTO_INCREMENT;

--
-- AUTO_INCREMENT for table `user`
--
ALTER TABLE `user`
  MODIFY `id_user` int(11) NOT NULL AUTO_INCREMENT, AUTO_INCREMENT=26;

--
-- AUTO_INCREMENT for table `variable_courier_price`
--
ALTER TABLE `variable_courier_price`
  MODIFY `id_variable_courier` int(11) NOT NULL AUTO_INCREMENT, AUTO_INCREMENT=6;

--
-- AUTO_INCREMENT for table `variable_shipping_price`
--
ALTER TABLE `variable_shipping_price`
  MODIFY `id_variable_shipping` int(11) NOT NULL AUTO_INCREMENT, AUTO_INCREMENT=17;
COMMIT;

/*!40101 SET CHARACTER_SET_CLIENT=@OLD_CHARACTER_SET_CLIENT */;
/*!40101 SET CHARACTER_SET_RESULTS=@OLD_CHARACTER_SET_RESULTS */;
/*!40101 SET COLLATION_CONNECTION=@OLD_COLLATION_CONNECTION */;
